"STT","Tên Quân (Tiếng Việt)","Tên Tiếng Anh","Tên Tiếng Trung","Nhóm Kiến Trúc","Điểm Đặc Trưng & Ưu Thế Vượt Trội","Nhược Điểm Cốt Lõi","Quân Đời 3 Chủ Đạo","Quân Đời 4 Tuyển","Tier Solo Đời 3","Tier 4v4 Random (Vị trí)","Đánh Giá Tổng Quan"
"1","Shang","Shang","商","Đông Á","Dân rẻ 35 thực (so với 50 thực chuẩn). Tường thành x2 HP. Tốc độ ép đời chuẩn và ổn định nhất game.","Chỉ số quân đội không có điểm cộng vượt trội về tốc độ hay sát thương. Thiếu Cẩu đá to, Voi, Ngựa đôi.","Cung R (BA), Ngựa chém (BL), Sọc đơn, Phù thủy","Lính BB chém (Legion), Bắn đá nhỏ (Onager), Ngựa chém giáp 4","S+ (Thuần tiễn/ép đời)","A (Đánh cánh tốt, chém dâng, cung bảo kê)","Quân chuẩn mực nhất AoE; thể thức Solo Shang là đỉnh cao vi mô Việt - Trung."
"2","Assyrian","Assyrian","亚述","Babylon / Lưỡng Hà","Dân di chuyển nhanh +30% (tương đương ngựa dò). Cung R bắn nhanh +33% (tần suất bắn cực dày).","Không có Đầu Máu (Nobility) ở BM -> Cung R chỉ có 75 HP. Đời 4 cực yếu (không Cung lửa, không Cẩu đá to, không Voi).","Cung R (BA tuyển nhất), Phù thủy, Sọc đơn","Yếu nhất đời 4; lính BB và Cẩu đá nhỏ","S+ (Thuần tiễn đời 3)","S (Đánh cánh số 1 với Cung R áp đảo đầu đời 3)","Bá vương đời 3; quản lý bản đồ rộng và ép đối thủ nghẹt thở; solo Assyrian là kinh điển."
"3","Egyptian","Egyptian","埃及","Ai Cập","Cung R +33% HP (93 HP trâu nhất game). Dân đào vàng +20% (13 vàng/chuyến). Phù thủy tầm xa +3 (12 ở đời 3, 16 ở đời 4).","Không có Ngựa chém BL, không Voi, không Xiên Hoplite. Đầu đời 3 thiếu gỗ nếu ép nhiều BA.","Cung R (93 máu trâu bò), Phù thủy, Sọc đơn","Ngựa đạp đôi (Chariot) max công nghệ, Cẩu đá to (Heavy Catapult), Phù thủy sấm sét","S (Cung R trâu máu)","S (Đánh cánh trâu bò, late game chủ lực càn quét)","Quân toàn diện cả đời 3 và 4; Cung R đổi mạng cực lời; Đời 4 đạp đôi + cẩu đá to vô cùng khó chịu."
"4","Babylonian","Babylonian","巴比伦","Babylon / Lưỡng Hà","Tường thành & Tháp canh máu x2. Phù thủy hồi mana nhanh +30%. Dân đào đá +3 (13 đá/chuyến).","Quân đội không có chỉ số chạy nhanh hay cộng sát thương trực tiếp.","Cung R, Ngựa chém, Sọc đơn, Phù thủy hồi năng lượng nhanh","Đạp đôi, Cung A 3 áo, Cẩu đá to, Chòi thần x2 máu","A (Đánh thủ dẻo)","A (Thế trận giằng co, phòng thủ phản công xuất sắc)","Lối đánh bền bỉ, hồi sinh mạnh; đời 4 công thủ toàn diện với Chòi thần 1000 HP và Cẩu đá to."
"5","Hittite","Hittite","西台 / 赫梯","Babylon / Lưỡng Hà","Cung R mặc định +1 công (4+1=5 khởi điểm). Bắn đá (Catapult) máu x2 (300 HP đời 3, 350 HP đời 4). Tàu chiến bắn xa +4.","Không có Cẩu đá to nhất (Heavy Catapult), Phù thủy không có nâng cấp tốt.","Cung R (+1 công cực rát), Bắn đá x2 máu, Ngựa chém","Cung R lửa, Đạp đôi, Ngựa chém giáp 4, Bắn đá kẹp cung","S (Cung R dame to)","S+ (Chủ lực trong mơ, kẹp pháo bắn thủng mọi loại quân)","Quân tuyển hàng đầu trong các trận Random; Cung R cắn dân siêu nhanh, Bắn đá trâu máu khắc chế mọi dàn cung."
"6","Phoenician","Phoenician","腓尼基","Babylon / Lưỡng Hà","Dân chặt gỗ +3 (13 gỗ/chuyến, tích lũy gỗ siêu nhanh). Voi (Húc & Tên) giảm 25% giá thực (135 thực thay vì 180 thực).","Giáp lính không có điểm vượt trội, không có Ngựa đôi, không Cẩu đá to.","Cung R (ra quân số lượng lớn nhờ dồi dào gỗ), Ngựa chém, Sọc đơn","Voi húc và Voi tên giá rẻ siêu đông; Cung R lửa; Cẩu đá nhỏ","A (Cơ cấu quân nhanh)","S (Rất dễ nở dân phát triển, đời 4 có voi rẻ đẩy đường)","Khả năng hồi dân và vẽ ruộng vô đối; tích gỗ cực nhanh giúp ép nhiều nhà quân BA/BL dễ dàng."
"7","Sumerian","Sumerian","苏美尔","Babylon / Lưỡng Hà","Dân 40 HP (trâu hơn 60% dân thường, chống sư tử/ngựa dò chém dân cực tốt). Ruộng gấp đôi sản lượng (500 thực thay vì 250 thực). Cẩu đá bắn nhanh x2.","Không có Voi, không có Ngựa đôi, không Cung lửa.","Cung R (tiết kiệm gỗ tái ruộng), Ngựa chém, Bắn đá bắn tốc độ cao","Cẩu đá to bắn liên thanh, Đạp đôi, Ngựa chém giáp 4","A+ (Dân trâu, hồi ruộng bền)","S (Chủ lực hoặc đánh chém đều yên tâm nhờ dân 40 máu)","Dân 40 máu khó bị bắt lẻ; khả năng hồi phục kinh tế tốt; cẩu đá bắn tốc độ liên thanh kinh hoàng."
"8","Persian","Persian","波斯","Babylon / Lưỡng Hà","Dân săn voi và hươu nhanh +30%. Voi di chuyển nhanh +50% (chạy như ngựa chém).","Khởi đầu bị trừ 50 thực (chỉ có 150 thực). Không có Bánh xe (không có Cung R, Đạp đôi).","Ngựa chém (ép đời sớm chém rát), Lạc đà (khắc chém), Cung A 2 áo","Voi điên (Voi húc chạy thần tốc), Cung A 3 áo, Cẩu đá to","B+ (Ép đời chém sớm)","A+ (Chém đầu cánh sát thương cực lớn; đời 4 Voi điên là ác mộng)","Chém Persian đầu đời 3 kích sớm là mối đe dọa lớn; Đời 4 Voi điên càn quét xuyên qua mọi hàng thủ."
"9","Yamato","Yamato","大和","Đông Á","Tất cả kỵ binh (Ngựa dò, Ngựa chém, Chém thần, Cung C) giảm 25% chi phí (cả thực và vàng: Ngựa dò 75F, Ngựa chém 52.5F/60G, Cung C 37.5F/52.5G). Tàu chiến +30% HP.","Cung R yếu (không giáp tên), Đời 4 không có Đạp đôi, không Voi, không Cẩu đá to.","Ngựa chém (Vua chém số lượng áp đảo), Cung A, Phù thủy","Ngựa chém thần (Cataphract), Cung A 2 áo, Lính xiên","S (Đánh chém bá đạo)","S (Chém đầu cánh gánh team số 1; solo Yamato đỉnh cao)","Vua của chiến thuật đánh Chém; rẻ hơn 25% chi phí giúp đẻ chém không ngắt nhịp; cơ động di chuyển tuyệt đỉnh."
"10","Minoan","Minoan","米诺斯","Hy Lạp","Cung A (Composite Bowman) tầm xa +2 ngay từ đời 3 (tầm xa cơ bản 9 ô, tối đa lên tới 11 ô, xa nhất game). Ruộng +60 thực. Tàu chiến rẻ 33%.","Không có Cung R, không Ngựa chém BL, không Lạc đà. Dễ bị bắt bài nếu đối phương kẹp pháo cẩu sớm.","Cung A (tầm xa 9 bắn rát), Cẩu đá, Sọc đơn","Cung A tầm xa 11 kẹp Bắn đá to & Pháo lùn Ballista, Đạp đôi","A (Nếu giữ được tụ cung)","S (Chủ lực tay dài bọc lót tuyệt đỉnh)","Dàn Cung A Minoan đứng tụ sau lưng đồng đội là bức tường lửa bất khả xâm phạm; tầm xa 11 áp chế mọi thứ."
"11","Choson","Choson","朝鲜","Đông Á","Lính BB kiếm (Swordsman) +80 HP (tối đa 240 HP). Phù thủy giảm 30% giá vàng (85 vàng thay vì 125). Chòi canh tầm xa +2.","Không có Bánh xe (không Cung R, không Đạp đôi). Ngựa chém không có Đầu máu, không giáp 4.","Ngựa chém công giáp cơ bản, Phù thủy rẻ, Cung A, BB kẹp Phù thủy","BB chém thần (Legion 240 HP trâu bò), Phù thủy rẻ, Chòi thần tầm xa","C (Đời 3 tù túng)","B+ (Cần đồng đội bảo kê lên 4; đời 4 BB 240 HP càn quét)","Quân đánh đời 3 khó khăn nhất; tuy nhiên Đời 4 lính BB 240 máu cùng dàn Phù thủy giá rẻ là thế lực khủng khiếp."
"12","Roman","Roman","罗马","La Mã","Công trình rẻ 15% gỗ (trừ tường & chòi). Chòi canh giảm 50% đá (chỉ tốn 75 đá). Lính BB kiếm chém nhanh +33%.","Không có Bánh xe (không Cung R, không Đạp đôi). Không có Cẩu đá to đời 4.","Ngựa chém BL, BB kiếm, Dâng chòi (Tower rush), Cung A","BB chém thần (Legion đánh máy khâu), Ngựa chém thần, Pháo lùn Helepolis rẻ gỗ","B (Đánh chém kẹp BB/chòi)","A (Khả năng phát triển tiết kiệm gỗ; BB đánh nhanh phá nhà cực lẹ)","Tiết kiệm gỗ kinh khủng; dâng chòi và đánh BB cực kỳ khó chịu; lính kiếm Roman chém nhanh như máy khâu."
"13","Carthaginian","Carthaginian","迦太基","La Mã","Voi (Húc & Tên) và Lính Xiên (Hoplite) +25% HP (Voi 750 HP, Xiên 150-200 HP). Tháp canh lửa +50% sát thương.","Không có Bánh xe (không Cung R, không Đạp đôi). Không có Ngựa chém BL.","Lạc đà (chống chém), Lính Xiên (150 HP), Cung A","Voi húc 750 HP (máu dày nhất game), Xiên thần (Centurion 200 HP), Pháo lùn","B (Phụ thuộc Lạc đà/Xiên)","A (Late game cực khỏe với Voi 750 HP và Xiên trâu)","Bậc thầy cận chiến hạng nặng; Voi 750 máu và Xiên 200 máu có thể nghiền nát mọi chướng ngại vật."
"14","Palmyran","Palmyran","帕尔米拉","La Mã","Dân làm việc nhanh +20% mọi tài nguyên. Dân có sẵn 1 giáp. Chuyển tài nguyên cho đồng đội thuế 0% (free tax). Lạc đà chạy nhanh nhất game.","Dân đắt 75 thực/con (gấp rưỡi dân thường). Mất dân đầu game là thảm họa.","Lạc đà (siêu cơ động bắt chém), Cung R, Ngựa chém BL","Đạp đôi, Cung R lửa, Bắn đá to","A+ (Lạc đà rát, ép đời nhanh)","A+ (Bơm đồ miễn phí cho chủ lực; Lạc đà kẹp Cung R biến ảo)","Quân phát triển tốc độ cao nếu quản lý dân tốt; Lạc đà Palmyra là ác mộng của mọi loại ngựa chém."
"15","Macedonian","Macedonian","马其顿","La Mã","Toàn quân kháng Phù thủy x4 lần. Lính bộ và Bắn đá tầm nhìn +2. Pháo cẩu và Pháo lùn rẻ 50% chi phí.","KHÔNG CÓ CHỢ (BM) -> Không có Bánh xe, không nâng cấp Chặt gỗ, không bơm tài nguyên, không đào vàng/đá nhanh.","Ngựa chém BL (trâu kháng hú), Lính Xiên, Bắn đá rẻ 50%","Xiên thần, Pháo lùn Helepolis siêu rẻ, Bắn đá kẹp Xiên","B+ (Chém kẹp cẩu đá)","A (Cơn ác mộng của Phù thủy; Pháo rẻ đẩy quân cực mạnh)","Khắc tinh tuyệt đối của các bài Phù thủy; pháo rẻ giúp tạo dựng hỏa lực tầm xa áp đảo với chi phí tiết kiệm."
"16","Greek","Greek","希腊","Hy Lạp","Lính Xiên (Hoplite, Phalanx, Centurion) chạy nhanh +30%. Tàu chiến di chuyển nhanh +30%.","Không có Bánh xe, không Ngựa chém BL, không Lạc đà, không Voi. Rất tốn vàng để duy trì quân.","Lính Xiên chạy nhanh, Cung A, Phù thủy, Sọc đơn","Xiên thần (Centurion) lướt gió, Cẩu đá to, Pháo lùn Helepolis","C+ (Đời 3 khó vận hành)","B+ (Late game nếu dồi dào vàng thì Xiên thần càn quét bản đồ)","Vua lính Xiên; Xiên Greek đời 4 chạy nhanh như lướt gió áp sát tiêu diệt nhanh cả cung thủ lẫn pháo đối phương."
