"Loại Thể Loại","Tên Đơn Vị / Công Trình","Tên Tiếng Anh","Đời Yêu Cầu","Nhà Sản Xuất / Đóng","Máu HP","Sát Thương Công","Giáp Cận Chiến","Giáp Tên","Tầm Xa","Tốc Độ Di Chuyển","Chi Phí Tài Nguyên","Đặc Tính & Lưu Ý Chiến Thuật"
"Đơn vị","Nông Dân (Dân)","Villager","Đời 1","Nhà Chính (TC)","25 (Sume 40)","3","0 (Pal 1)","0","0 (Cận chiến)","2.0 (Assy 2.6)","50 Thực (Shang 35, Pal 75)","Nòng cốt phát triển kinh tế; Sumerian 40 máu trâu nhất, Assyrian chạy nhanh 1.43, Palmyran có sẵn 1 giáp và làm việc nhanh +20%."
"Đơn vị","Ngựa Dò","Scout","Đời 2","Nhà Ngựa (BL)","60","3","0","0","0 (Cận chiến)","3.75 (Rất nhanh)","100 Thực","Dùng do thám mở bản đồ, câu voi, chọc quấy dân đối phương đầu game, kháng phù thủy nhẹ."
"Đơn vị","Cung R (Ngựa Bắn Cung)","Chariot Archer","Đời 3","Nhà Cung (BA)","70 (Egy 93, Assy 75)","4 (+1 nếu Hittite)","0","0 (Nâng giáp BA)","7 (+2 Chặt gỗ)","3.0","40 Thực, 70 Gỗ","Đơn vị cơ động phổ biến nhất game; bắn tỉa dân, tụ đông hỏa lực khủng; Assyrian bắn nhanh +33%, Egyptian 93 máu."
"Đơn vị","Ngựa Chém Thường","Cavalry","Đời 3","Nhà Ngựa (BL)","150","8 (+công BS)","1 (+giáp BS)","0","0 (Cận chiến)","3.25","70 Thực, 80 Vàng (Yama 60V)","Đơn vị sốc sát thương, đồ sát dân cực lẹ, khắc tinh Cung R khi áp sát; Yamato đẻ rẻ hơn 25% vàng."
"Đơn vị","Lạc Đà","Camelry","Đời 3","Nhà Ngựa (BL)","125","7 (+4 chống ngựa)","0","0","0 (Cận chiến)","3.25 (Palmyra siêu tốc)","70 Thực, 60 Vàng","Khắc tinh số 1 của Ngựa chém BL và Ngựa dò; giá rẻ hơn chém, chạy nhanh, chém ngựa đối thủ cực đau."
"Đơn vị","Sọc Đơn (Ngựa Bánh Xe)","Chariot","Đời 3","Nhà Ngựa (BL)","100","7 (+công BS)","0","0","0 (Cận chiến)","3.25","40 Thực, 60 Gỗ","Chỉ tốn thực và gỗ, kháng phù thủy cực cao, càn quét chống phù thủy và đỡ đòn cho dàn cung rất tốt."
"Đơn vị","Cung A (1 Áo / 2 Áo)","Composite Bowman","Đời 3","Nhà Cung (BA)","45","5 (+công lửa)","0","0","7 (Minoan 8-9)","2.4 (Đi bộ)","40 Thực, 20 Vàng","Đòi hỏi nâng cấp trong BA; Minoan được cộng thêm tầm xa; tụ cung đứng chụm lại thủ nhà hoặc đẩy đường cực kỳ rát."
"Đơn vị","Lính Xiên (Hoplite)","Hoplite","Đời 3","Hàn Lâm Viện (BY)","120 (Carthage 150)","17","5","0","0 (Cận chiến)","1.5 (Greek chạy 1.95)","60 Thực, 40 Vàng","Công 17 cực cao, giáp cứng; Greek di chuyển nhanh +30%, Carthaginian 150 HP trâu bò; ép góc càn quét công trình."
"Đơn vị","Cẩu Đá Nhỏ","Stone Thrower","Đời 3","Nhà Pháo (BK)","75 (Hittite 150)","50 (Sát thương lan)","0","0","10","1.5","180 Gỗ, 80 Vàng (Macedon 90G, 40V)","Vũ khí bắn lan giải tán đám đông; ác mộng của Cung R tụ lại; Hittite máu x2 (150 HP), Sumerian bắn nhanh gấp đôi."
"Đơn vị","Phù Thủy (Thầy Tu)","Priest","Đời 3","Nhà Phù Thủy (BP)","25","0 (Hú thu phục)","0","0","9 (Egyptian 12)","1.5","125 Vàng (Choson 85 Vàng)","Khắc chế cứng Ngựa chém, Lạc đà, Voi; hồi máu cho quân mình; Egyptian tầm xa 12, Babylon hồi mana x3."
"Đơn vị","Lính Kiếm Bản Rộng","Broad Swordsman","Đời 3","Nhà Bộ (BB)","70 (Choson 150)","7","1","0","0 (Cận chiến)","2.0","35 Thực, 15 Vàng","Quân bộ bổ củi phá nhà nhanh; Roman đánh nhanh +33%, Choson máu dày; khắc chế cứng Sọc đơn và Cung R nếu áp sát."
"Đơn vị","Ngựa Đạp Đôi","Scythe Chariot","Đời 4","Nhà Ngựa (BL)","120","9 (+công BS)","2","2","0 (Cận chiến lan)","3.25","40 Thực, 60 Gỗ","Quân rác bá đạo nhất đời 4; chỉ tốn Gỗ và Thực, chém lan diện rộng, ủi nát dân và bộ binh, kháng phù thủy."
"Đơn vị","Ngựa Chém Thần","Cataphract","Đời 4","Nhà Ngựa (BL)","180","12 (+5 vs bộ binh)","3","0","0 (Cận chiến)","3.25","70 Thực, 80 Vàng","Đơn vị kỵ binh vàng mạnh nhất; giáp trâu máu dày, đồ sát bộ binh và cung tên trong nháy mắt."
"Đơn vị","Voi Húc Thần","Armored Elephant","Đời 4","Nhà Cận Chiến (BL)","600 (Carthage 750)","18 (Lan diện rộng)","2","1","0 (Cận chiến)","1.5 (Persian 2.25)","170 Thực, 40 Vàng (Phoeni 127T)","Cỗ xe tăng bọc thép; Persian chạy nhanh như ngựa; Phoenician giá rẻ; Carthage trâu 750 HP húc sập mọi căn cứ."
"Đơn vị","Voi Bắn Tên","Elephant Archer","Đời 4","Nhà Cung (BA)","600 (Carthage 750)","6","0","0","7 (+2 chặt gỗ)","1.75","180 Thực, 60 Vàng (Phoeni 135T)","Trụ cung di động khổng lồ máu 600-750 HP; bắn tầm xa hỗ trợ quân đội cực kỳ khó chịu."
"Đơn vị","Pháo Cẩu To","Heavy Catapult","Đời 4","Nhà Pháo (BK)","150 (Hittite 300)","60 (Sát thương lan cực đại)","0","0","12","1.5","180 Gỗ, 80 Vàng","Hỏa lực hủy diệt tầm xa số 1 game; bắn tan nát từng cụm quân và thổi bay công trình từ khoảng cách 12 ô."
"Đơn vị","Pháo Tép Liên Thanh","Helepolis","Đời 4","Nhà Pháo (BK)","55","40 (Xuyên thẳng)","0","0","10","1.5","100 Gỗ, 80 Vàng","Tốc độ bắn cực nhanh, bắn xuyên phá nhiều mục tiêu trên một đường thẳng; Roman rẻ gỗ, Macedonian giảm 50% giá."
"Đơn vị","Xiên Thần","Centurion","Đời 4","Hàn Lâm Viện (BY)","160 (Carthage 200)","30","8","0","0 (Cận chiến)","1.5 (Greek 1.95)","60 Thực, 40 Vàng","Chiến binh La Mã cổ đại có chỉ số công 30 giáp 8 khủng khiếp; Greek chạy cực nhanh, Carthage 200 HP."
"Công trình","Nhà Chính","Town Center (TC)","Đời 1","Nông dân đóng","600","0","0","0","0","0","200 Gỗ","Trái tim của căn cứ; sinh sản nông dân và nâng cấp đời 2, đời 3, đời 4; Đời 3 có thể đóng thêm nhiều TC phụ."
"Công trình","Nhà Dân","House (BE)","Đời 1","Nông dân đóng","75","0","0","0","0","0","30 Gỗ","Mỗi nhà BE cung cấp 4 đơn vị dân số (Max 200 Population trong thể thức thi đấu)."
"Công trình","Nhà Chứa Thực/Quả","Granary (BG)","Đời 1","Nông dân đóng","350","0","0","0","0","0","120 Gỗ","Nơi tập kết thức ăn từ hái quả, ruộng và nâng cấp tháp canh/tường thành."
"Công trình","Nhà Khoáng Sản & Nâng Cấp Quân","Storage Pit (BS)","Đời 1","Nông dân đóng","350","0","0","0","0","0","120 Gỗ","Nơi tập kết gỗ, thịt thú săn (hươu, voi), vàng, đá; trung tâm nâng cấp công giáp bộ binh, kỵ binh, giáp tên."
"Công trình","Nhà Chợ","Market (BM)","Đời 2","Nông dân đóng","350","0","0","0","0","0","150 Gỗ","Trung tâm nâng cấp nông nghiệp: Chặt gỗ (+tầm xa), Bánh xe (chạy nhanh + mở quân R), Đào vàng, Đào đá, Trồng trọt."
"Công trình","Nhà Bắn Cung","Archery Range (BA)","Đời 2","Nông dân đóng","350","0","0","0","0","0","150 Gỗ","Sản xuất Cung trần (đời 2), Cung R, Cung A (đời 3), Ngựa Cung C, Voi Tên (đời 4)."
"Công trình","Nhà Ngựa Chiến","Stable (BL)","Đời 2","Nông dân đóng","350","0","0","0","0","0","150 Gỗ","Sản xuất Ngựa dò (đời 2), Ngựa chém, Lạc đà, Sọc đơn (đời 3), Ngựa đạp đôi, Ngựa chém thần, Voi húc (đời 4)."
"Công trình","Nhà Doanh Trại Bộ Binh","Barracks (BB)","Đời 1","Nông dân đóng","350","0","0","0","0","0","125 Gỗ","Sản xuất lính chùy (Clubman), lính rìu (Axeman), lính kiếm ngắn/dài/thần (Legion)."
"Công trình","Nhà Viện Hàn Lâm","Academy (BY)","Đời 3","Nông dân đóng","350","0","0","0","0","0","150 Gỗ","Nơi sản xuất và nâng cấp binh chủng lính Xiên giáp sắt: Hoplite, Phalanx, Centurion."
"Công trình","Nhà Xưởng Pháo Binh","Siege Workshop (BK)","Đời 3","Nông dân đóng","350","0","0","0","0","0","150 Gỗ","Nơi chế tạo vũ khí vây hãm công thành: Cẩu đá nhỏ, Cẩu đá to, Pháo tép Ballista, Pháo liên thanh Helepolis."
"Công trình","Nhà Đền Thờ Phù Thủy","Temple (BP)","Đời 3","Nông dân đóng","350","0","0","0","0","0","150 Gỗ","Nơi đào tạo Phù thủy và nghiên cứu các phép thuật: Tăng tốc độ hồi phục năng lượng, tăng tầm xa, thu phục công trình."
"Công trình","Nhà Chính Phủ","Government Center (BC)","Đời 3","Nông dân đóng","350","0","0","0","0","0","175 Gỗ","Nơi nâng cấp các công nghệ quan trọng: Đầu Máu (+HP kỵ binh), Bắn Chặn Ballistics, Lửa (+công tầm xa), Giáp ngựa."
