"Công Trình Nâng Cấp","Tên Nâng Cấp (Tiếng Việt)","Tên Tiếng Anh","Đời Yêu Cầu","Chi Phí Nghiên Cứu","Tác Dụng Chi Tiết","Đơn Vị & Lợi Ích Trực Tiếp Hưởng Lợi"
"Nhà Chợ (BM)","Bánh Xe (Công nghệ vàng)","Wheel","Đời 3","175 Thực, 75 Gỗ","Nông dân chạy nhanh +30%; Mở khóa sản xuất Cung R (BA), Sọc đơn (BL), Đạp đôi (BL đời 4).","Dân, Cung R, Sọc Đơn, Đạp Đôi. Cốt lõi của mọi chiến thuật cơ động đời 3."
"Nhà Chợ (BM)","Chặt Gỗ 1","Woodworking","Đời 2","120 Thực, 75 Gỗ","Cung thủ tăng +2 Tầm xa; Nông dân mang thêm +2 gỗ mỗi chuyến.","Dân làm gỗ, Cung trần, Cung R, Cung A, Tháp canh."
"Nhà Chợ (BM)","Chặt Gỗ 2","Artisanship","Đời 3","170 Thực, 150 Gỗ","Cung thủ tăng thêm +1 Tầm xa (+3 tổng cộng); Dân mang thêm +2 gỗ.","Cung R, Cung A, Voi tên, Cung C."
"Nhà Chợ (BM)","Chặt Gỗ 3","Craftsmanship","Đời 4","240 Thực, 200 Gỗ","Cung thủ tăng thêm +1 Tầm xa (+4 tổng cộng); Dân mang thêm +2 gỗ.","Đưa tầm xa Cung R lên tối đa 7+4 = 11 (Minoan Cung A lên 11)."
"Nhà Chợ (BM)","Đào Vàng 1","Gold Mining","Đời 2","120 Thực, 100 Gỗ","Dân đào vàng nhanh hơn +15% và mang thêm +3 vàng mỗi chuyến.","Nông dân làm vàng; thiết yếu khi đánh Ngựa chém, Lạc đà, Cung A."
"Nhà Chợ (BM)","Đào Vàng 2","Coinage","Đời 3","200 Thực, 150 Gỗ","Dân đào vàng nhanh hơn +25% và mang thêm +3 vàng mỗi chuyến.","Gia tăng tốc độ khai thác vàng cực hạn cho đời 3 & 4."
"Nhà Chợ (BM)","Đào Đá 1","Stone Mining","Đời 2","100 Thực, 50 Gỗ","Dân đào đá nhanh hơn +15% và mang thêm +3 đá mỗi chuyến.","Nông dân làm đá, phục vụ xây Chòi canh và Tường thành."
"Nhà Chợ (BM)","Đào Đá 2","Siegecraft","Đời 3","150 Thực, 100 Gỗ","Dân đào đá nhanh hơn +25%; Cho phép dân đập tường phá chòi nhanh hơn.","Dân đập phá công trình đối phương."
"Nhà Chợ (BM)","Trồng Trọt 1 (Cày bừa)","Domestication","Đời 2","100 Thực, 50 Gỗ","Ruộng tăng thêm +75 sản lượng thức ăn (Tổng 325 thực).","Tối ưu hóa kinh tế ruộng khi hết tài nguyên hoang dã."
"Nhà Chợ (BM)","Trồng Trọt 2 (Cày bừa 2)","Plow","Đời 3","150 Thực, 75 Gỗ","Ruộng tăng thêm +75 sản lượng thức ăn (Tổng 400 thực).","Duy trì nguồn lương thực dồi dào lâu dài."
"Chính Phủ (BC)","Đầu Máu (Nobility)","Nobility","Đời 3","175 Thực, 120 Vàng","Tăng 15% lượng Máu (HP) tối đa cho toàn bộ kỵ binh và voi.","Ngựa chém (150->172 HP), Cung R (70->80 HP, Egy 93->106 HP), Voi (600->690 HP)."
"Chính Phủ (BC)","Bắn Chặn (Bắn đón đầu)","Ballistics","Đời 3","150 Thực, 75 Vàng","Vũ khí tầm xa bắn tính trước đường di chuyển của mục tiêu, giảm tỷ lệ bắn trượt.","Cung R, Cung A, Cẩu đá, Tháp canh, Tàu chiến."
"Chính Phủ (BC)","Tên Lửa (Thuật giả kim)","Alchemy","Đời 4","250 Thực, 200 Vàng","Tăng +1 Sát thương công cho tất cả các đơn vị và công trình bắn tầm xa.","Cung R lửa, Cung A, Pháo cẩu, Tháp canh, Tàu chiến."
"Chính Phủ (BC)","Viết Chữ (Chia sẻ tầm nhìn)","Writing","Đời 3","150 Thực, 75 Gỗ","Chia sẻ toàn bộ bản đồ và tầm nhìn sương mù với đồng minh cùng phe.","Vô cùng quan trọng trong các trận đánh 2v2, 4v4 đồng đội."
"Chính Phủ (BC)","Kiến Trúc Hoàn Thiện","Architecture","Đời 3","150 Thực, 120 Gỗ","Tăng 20% máu cho công trình và tăng tốc độ xây dựng công trình +33%.","Gia cố nhà cửa và tháp canh trước các cuộc tấn công."
"Chính Phủ (BC)","Bồi Dưỡng Chiến Mã","Aristocracy","Đời 4","175 Thực, 150 Vàng","Kỵ binh di chuyển nhanh hơn +25%.","Ngựa chém thần, Ngựa đạp đôi, Cung C áp sát và rút lui thần tốc."
"Khoáng Sản (BS)","Công Cận Chiến 1","Toolworking","Đời 2","100 Thực","Tăng +2 Sát thương công cho bộ binh, kỵ binh, voi húc.","Lính chùy, Ngựa dò, Ngựa chém, Lạc đà, Sọc đơn."
"Khoáng Sản (BS)","Công Cận Chiến 2","Metalworking","Đời 3","160 Thực, 50 Gỗ","Tăng thêm +2 Sát thương công (+4 tổng cộng).","Ngựa chém (lên công 8+4=12), Lạc đà, Sọc đơn, Lính kiếm."
"Khoáng Sản (BS)","Công Cận Chiến 3","Ironworking","Đời 4","220 Thực, 100 Gỗ","Tăng thêm +3 Sát thương công (+7 tổng cộng).","Tối đa hóa sức mạnh hủy diệt của Ngựa chém thần và Đạp đôi."
"Khoáng Sản (BS)","Giáp Cận Chiến Kỵ Binh 1","Scale Armor Cavalry","Đời 3","100 Thực, 50 Vàng","Tăng +2 Giáp cận chiến cho kỵ binh (ngựa chém, lạc đà, sọc đơn).","Giảm sát thương khi giáp lá cà với kỵ binh, kiếm, lính xiên đối phương."
"Khoáng Sản (BS)","Giáp Cận Chiến Kỵ Binh 2","Chain Mail Cavalry","Đời 4","150 Thực, 100 Vàng","Tăng thêm +2 Giáp cận chiến cho kỵ binh (+4 tổng cộng).","Giúp kỵ binh đời 4 sống sót bền bỉ giữa chiến trường hỗn loạn."
"Khoáng Sản (BS)","Giáp Tên Kỵ Binh 1","Leather Armor Cavalry","Đời 3","125 Thực, 80 Gỗ","Tăng +2 Giáp chống bắn tên cho kỵ binh.","Ngựa chém và Lạc đà lao vào dàn Cung R đỡ tên cực tốt."
"Khoáng Sản (BS)","Giáp Tên Kỵ Binh 2","Scale Armor Cavalry Def","Đời 4","175 Thực, 100 Gỗ","Tăng thêm +2 Giáp chống bắn tên cho kỵ binh (+4 tổng cộng).","Ngựa chém thần và Đạp đôi càn quét cung đối phương không mất giọt máu."
"Đền Thờ (BP)","Thu Phục Xa (Tầm xa phù thủy)","Mysticism","Đời 3","120 Vàng","Tăng tầm xa thu phục của Phù thủy thêm +3 ô.","Egyptian nâng cấp lên tầm xa 12 (đời 3) và 15-16 (đời 4) đứng ngoài màn hình hú."
"Đền Thờ (BP)","Hồi Năng Lượng Thần Tốc","Astrology","Đời 3","150 Vàng","Phù thủy hồi phục điểm năng lượng (Mana) nhanh hơn +30%.","Babylon kết hợp công nghệ này hồi mana gần như liên tục."
"Đền Thờ (BP)","Thu Phục Công Trình","Politheism","Đời 3","120 Vàng","Tăng tốc độ di chuyển phù thủy thêm +30%.","Tăng độ cơ động khi trốn chạy kỵ binh áp sát."
"Đền Thờ (BP)","Thu Phục Tòa Nhà & Chòi","Monotheism","Đời 4","350 Vàng","Cho phép Phù thủy thu phục nhà cửa, ruộng lúa và tháp canh đối phương.","Cực kỳ lợi hại trong việc cướp chòi thần hoặc nhà quân địch."
"Đền Thờ (BP)","Tự Hủy Đổi Mạng","Fanaticism","Đời 4","200 Vàng","Phù thủy tự hy sinh để lập tức biến một đơn vị địch thành của mình.","Phép thuật tối thượng đời 4 đổi lấy các quân bài khủng như Voi thần, Xiên thần."
