"Mã Kèo","Tên Thể Thức","Đặc Trưng Thi Đấu","Loại Quân Áp Dụng","Binh Chủng Được Phép (Đời 3)","Quy Định Cấm Kỵ Cốt Lõi","Phong Cách Việt Nam vs Trung Quốc"
"KT01","Solo Shang Thuần Tiễn","So tài vi mô và ép đời chuẩn mực nhất; đòi hỏi điều cung R đỉnh cao.","Shang vs Shang","Chỉ duy nhất Cung R (BA)","Cấm Ngựa chém, cấm Phù thủy, cấm Sọc đơn, cấm Pháo, cấm Thành Chòi. Cấm đập móng dân.","Trung Quốc cực mạnh ép đời chuẩn và dàn thế trận; Việt Nam mạnh về đột biến và vẩy E."
"KT02","Solo Assyrian Thuần Tiễn","Tốc độ ép đời thần tốc, quản lý bản đồ siêu rộng, xả tên dày đặc.","Assyrian vs Assyrian","Chỉ duy nhất Cung R (BA)","Cấm Ngựa chém, cấm Phù thủy, cấm Pháo, cấm Thành Chòi. Cấm đập móng.","Assyrian cung bắn nhanh +33%; hai bên thi thố khả năng dạt dân, điều quân rỉa dân cực gắt."
"KT03","Solo Yamato Thuần Chém","Tốc độ sát thương sốc cực cao; kiểm soát mỏ vàng và bắt dân ăn hoang.","Yamato vs Yamato","Chỉ duy nhất Ngựa Chém (BL)","Cấm Cung A, cấm Phù thủy, cấm Pháo, cấm Thành Chòi. Cấm đập móng.","Đua nhau kích 3 sớm (kích 9x); điều ngựa chém luồn lách vào mỏ quả, ruộng lúa đồ sát nông dân."
"KT04","2v2 Shang Hỗn Mã (Song Long)","Sự kết hợp hoàn hảo giữa 1 game thủ đánh Cung R và 1 game thủ đánh Chém.","Shang vs Shang","Cung R (BA) phối hợp Ngựa chém (BL)","Cấm Phù thủy, cấm Pháo, cấm Thành Chòi. Phải đúng phân vai 1 Cung 1 Chém.","Phối hợp đồng đội bọc lót; Ngựa chém làm bia đỡ đòn và càn quét, Cung R xả hỏa lực phía sau."
"KT05","Solo Random","Khả năng ứng biến đa dạng, đọc bản đồ và tận dụng chất quân ngẫu nhiên.","Ngẫu nhiên 1 trong 16 quân","Tự do mọi binh chủng đời 3 của quân đó","Cấm Thành Chòi đời 3. Cấm đập móng dân đời 1-2.","Việt Nam sở trường lối đánh Random với chiến thuật linh hoạt: dâng L, công phù, cẩu đá phá nhà."
"KT06","2v2 Random Tự Do","Hai người chơi mỗi bên bốc quân ngẫu nhiên, thi thố phối hợp chiến thuật.","Ngẫu nhiên 1 trong 16 quân","Tự do binh chủng theo từng nền văn minh","Cấm Thành Chòi đời 3. Cấm đập móng dân. Tuân thủ luật bơm tài nguyên.","Phối hợp chém - cung; một người tạo áp lực đầu trận, một người tích lũy tài nguyên dứt điểm."
"KT07","4v4 Random (Đỉnh Cao AoE VN)","Đấu trường kinh điển nhất của AoE Việt Nam; tinh hoa chiến thuật đồng đội.","Ngẫu nhiên 1 trong 16 quân","Tự do binh chủng đời 3 và đời 4","Cấm Thành Chòi đời 3. Tuân thủ luật bơm đồ qua Chợ (BM). Cấm bug sửa ruộng.","Phân vai chặt chẽ: Đầu cánh chém rát (ôm bom, hy sinh), Trong cánh chủ lực tay to sóc dân lên 4."
"LUAT01","Quy Tắc Đời 1 - Đời 2","Bảo vệ giai đoạn phát triển đầu game, chống chơi xấu phi kỹ thuật.","Tất cả thể thức","Chỉ dùng Dân khai thác tài nguyên và Ngựa dò","CẤM ĐẬP MÓNG DÂN (dùng móng BE/BS/BM đập dân đối thủ). Cho phép vẩy E cứu dân. Cấm công nhà đời 2.","Quy định chuẩn hóa để đảm bảo trận đấu diễn ra công bằng và tôn vinh kỹ năng phát triển."
"LUAT02","Quy Tắc Đời 3 (Thời Điểm Vàng)","Giai đoạn giao tranh khốc liệt nhất của các trận đấu Đế Chế.","Tất cả thể thức","Theo từng kèo (Thuần tiễn hoặc Tự do)","CẤM ĐẮP THÀNH (Wall) và CHÒI CANH (Tower) ở đời 3. Cấm bơm đồ khi chưa có Chợ.","Tạo điều kiện cho lối chơi tấn công cống hiến, cơ động, phô diễn kỹ năng điều khiển lính."
"LUAT03","Quy Tắc Đời 4 (Bật 4 Bá Chủ)","Giai đoạn hậu kỳ khi một bên tích đủ tài nguyên lên Đời 4 (Iron Age).","Tất cả thể thức","Mở khóa toàn bộ quân tuyển đời 4","ĐƯỢC PHÉP xây Thành Chòi tự do khi đã hoàn tất nâng cấp đời 4.","Cuộc chiến của các binh chủng hạng nặng: Voi thần, Đạp đôi, Xiên thần, Pháo cẩu to, Tên lửa."
